Date,Close
2025-09-24T20:46:00Z,3736.565
2025-09-24T20:47:00Z,3736.095
2025-09-24T20:50:00Z,3736.325
2025-09-24T20:56:00Z,3737.445
2025-09-24T21:42:00Z,3736.135
2025-09-24T21:47:00Z,3736.135
2025-09-24T21:50:00Z,3736.135
2025-09-24T21:58:00Z,3736.135
2025-09-24T22:25:00Z,3744.245
2025-09-24T22:38:00Z,3739.835
2025-09-24T22:50:00Z,3742.875
2025-09-24T23:10:00Z,3740.085
2025-09-24T23:27:00Z,3740.575
2025-09-24T23:40:00Z,3742.075
2025-09-24T23:52:00Z,3744.585
2025-09-25T01:11:00Z,3742.705
2025-09-25T02:40:00Z,3739.555
2025-09-25T03:25:00Z,3737.145
2025-09-25T03:49:00Z,3736.855
2025-09-25T04:10:00Z,3732.795
2025-09-25T04:34:00Z,3739.075
2025-09-25T04:48:00Z,3738.605
2025-09-25T05:01:00Z,3738.115
2025-09-25T05:28:00Z,3736.235
2025-09-25T05:43:00Z,3737.435
2025-09-25T05:55:00Z,3739.625
2025-09-25T06:23:00Z,3746.965
2025-09-25T06:35:00Z,3744.115
2025-09-25T06:53:00Z,3741.535
2025-09-25T07:18:00Z,3743.025
2025-09-25T07:33:00Z,3745.955
2025-09-25T07:46:00Z,3753.365
2025-09-25T07:57:00Z,3751.495
2025-09-25T08:34:00Z,3754.265
2025-09-25T08:52:00Z,3756.435
2025-09-25T09:17:00Z,3754.445
2025-09-25T09:36:00Z,3752.175
2025-09-25T09:41:00Z,3753.985
2025-09-25T09:47:00Z,3758.975
2025-09-25T09:48:00Z,3759.005
2025-09-25T10:00:00Z,3757.245
2025-09-25T10:13:00Z,3756.845
2025-09-25T10:15:00Z,3756.365
2025-09-25T10:30:00Z,3757.755
2025-09-25T10:46:00Z,3757.535
2025-09-25T10:57:00Z,3755.825
2025-09-25T11:21:00Z,3746.925
2025-09-25T11:36:00Z,3751.605
2025-09-25T11:48:00Z,3752.805
2025-09-25T11:59:00Z,3753.855
2025-09-25T12:33:00Z,3746.835
2025-09-25T12:34:00Z,3747.865
2025-09-25T12:56:00Z,3737.415
2025-09-25T13:33:00Z,3741.795
2025-09-25T13:48:00Z,3725.005
2025-09-25T14:01:00Z,3732.685
2025-09-25T14:31:00Z,3732.735
2025-09-25T14:48:00Z,3728.465
2025-09-25T15:00:00Z,3729.935
2025-09-25T15:29:00Z,3731.185
2025-09-25T15:45:00Z,3735.555
2025-09-25T15:57:00Z,3734.735
2025-09-25T16:32:00Z,3735.805
2025-09-25T16:50:00Z,3733.555
2025-09-25T17:10:00Z,3735.525
2025-09-25T17:30:00Z,3742.035
2025-09-25T17:42:00Z,3739.815
2025-09-25T17:54:00Z,3740.145
2025-09-25T18:29:00Z,3750.675
2025-09-25T18:50:00Z,3755.955
2025-09-25T19:10:00Z,3754.605
2025-09-25T19:25:00Z,3752.025
2025-09-25T19:39:00Z,3745.885
2025-09-25T19:51:00Z,3748.265
2025-09-25T20:16:00Z,3750.395
2025-09-25T20:35:00Z,3750.095
2025-09-25T20:47:00Z,3751.515
2025-09-25T20:59:00Z,3749.375
2025-09-25T21:21:00Z,3749.375
2025-09-25T21:35:00Z,3749.375
2025-09-25T21:47:00Z,3749.375
2025-09-25T21:59:00Z,3749.375
2025-09-25T22:23:00Z,3748.015
2025-09-25T22:38:00Z,3748.855
2025-09-25T22:39:00Z,3749.335
2025-09-25T22:50:00Z,3750.125
2025-09-25T23:10:00Z,3748.915
2025-09-25T23:26:00Z,3741.795
2025-09-25T23:27:00Z,3742.075
2025-09-25T23:40:00Z,3739.925
2025-09-25T23:52:00Z,3745.275
2025-09-26T01:11:00Z,3746.895
2025-09-26T02:38:00Z,3742.525
2025-09-26T03:22:00Z,3738.175
2025-09-26T03:45:00Z,3744.825
2025-09-26T03:57:00Z,3745.965
2025-09-26T04:30:00Z,3744.875
2025-09-26T04:46:00Z,3745.115
2025-09-26T04:58:00Z,3747.585
2025-09-26T05:26:00Z,3746.425
2025-09-26T05:41:00Z,3748.145
2025-09-26T05:54:00Z,3744.985
2025-09-26T06:28:00Z,3751.095
2025-09-26T06:50:00Z,3745.765
2025-09-26T07:12:00Z,3743.685
2025-09-26T07:30:00Z,3745.835
2025-09-26T07:42:00Z,3748.095
2025-09-26T07:55:00Z,3748.075
2025-09-26T08:29:00Z,3750.795
2025-09-26T08:49:00Z,3752.615
2025-09-26T09:11:00Z,3753.065
2025-09-26T09:32:00Z,3748.145
2025-09-26T09:44:00Z,3748.725
2025-09-26T09:56:00Z,3749.335
2025-09-26T10:26:00Z,3750.545
2025-09-26T10:43:00Z,3746.195
2025-09-26T10:55:00Z,3745.415
2025-09-26T11:18:00Z,3747.215
2025-09-26T11:30:00Z,3751.615
2025-09-26T11:42:00Z,3751.555
2025-09-26T11:54:00Z,3751.355
2025-09-26T12:41:00Z,3751.215
2025-09-26T13:16:00Z,3764.545
2025-09-26T13:40:00Z,3754.865
2025-09-26T13:52:00Z,3760.155
2025-09-26T14:14:00Z,3772.465
2025-09-26T14:35:00Z,3781.065
2025-09-26T14:46:00Z,3775.555
2025-09-26T14:58:00Z,3777.075
2025-09-26T15:26:00Z,3777.295
2025-09-26T15:41:00Z,3776.825
2025-09-26T15:54:00Z,3780.055
2025-09-26T16:24:00Z,3772.995
2025-09-26T16:45:00Z,3777.775
2025-09-26T16:57:00Z,3775.305
2025-09-26T17:22:00Z,3779.845
2025-09-26T17:37:00Z,3779.905
2025-09-26T17:49:00Z,3782.135
2025-09-26T18:12:00Z,3776.415
2025-09-26T18:41:00Z,3778.635
2025-09-26T18:53:00Z,3779.555
2025-09-26T19:13:00Z,3775.525
2025-09-26T19:26:00Z,3773.815
2025-09-26T19:39:00Z,3769.785
2025-09-26T19:52:00Z,3767.345
2025-09-26T20:16:00Z,3766.715
2025-09-26T20:33:00Z,3766.715
2025-09-26T20:45:00Z,3766.715
2025-09-26T20:57:00Z,3766.715
2025-09-26T21:21:00Z,3766.715
2025-09-26T21:34:00Z,3766.715
2025-09-26T21:46:00Z,3766.715
2025-09-26T21:58:00Z,3766.715
2025-09-26T22:24:00Z,3766.715
2025-09-26T22:38:00Z,3766.715
2025-09-26T22:50:00Z,3766.715
2025-09-26T23:10:00Z,3766.715
2025-09-26T23:27:00Z,3766.715
2025-09-26T23:39:00Z,3766.715
2025-09-26T23:51:00Z,3766.715
2025-09-27T01:01:00Z,3766.715
2025-09-27T02:22:00Z,3766.715
2025-09-27T03:07:00Z,3766.715
2025-09-27T03:37:00Z,3766.715
2025-09-27T03:49:00Z,3766.715
2025-09-27T04:12:00Z,3766.715
2025-09-27T04:34:00Z,3766.715
2025-09-27T04:47:00Z,3766.715
2025-09-27T04:58:00Z,3766.715
2025-09-27T05:24:00Z,3766.715
2025-09-27T05:38:00Z,3766.715
2025-09-27T05:50:00Z,3766.715
2025-09-27T06:14:00Z,3766.715
2025-09-27T06:39:00Z,3766.715
2025-09-27T06:51:00Z,3766.715
2025-09-27T07:12:00Z,3766.715
2025-09-27T07:26:00Z,3766.715
2025-09-27T07:39:00Z,3766.715
2025-09-27T07:51:00Z,3766.715
2025-09-27T08:15:00Z,3766.715
2025-09-27T08:35:00Z,3766.715
2025-09-27T08:48:00Z,3766.715
2025-09-27T08:59:00Z,3766.715
2025-09-27T09:23:00Z,3766.715
2025-09-27T09:36:00Z,3766.715
2025-09-27T09:48:00Z,3766.715
2025-09-27T10:00:00Z,3766.715
2025-09-27T10:26:00Z,3766.715
2025-09-27T10:40:00Z,3766.715
2025-09-27T10:53:00Z,3766.715
2025-09-27T11:12:00Z,3766.715
2025-09-27T11:25:00Z,3766.715
2025-09-27T11:38:00Z,3766.715
2025-09-27T11:50:00Z,3766.715
2025-09-27T12:20:00Z,3766.715
2025-09-27T12:55:00Z,3766.715
2025-09-27T13:22:00Z,3766.715
2025-09-27T13:36:00Z,3766.715
2025-09-27T13:48:00Z,3766.715
2025-09-27T13:59:00Z,3766.715
2025-09-27T14:23:00Z,3766.715
2025-09-27T14:37:00Z,3766.715
2025-09-27T14:49:00Z,3766.715
2025-09-27T15:08:00Z,3766.715
2025-09-27T15:27:00Z,3766.715
2025-09-27T15:39:00Z,3766.715
2025-09-27T15:52:00Z,3766.715
2025-09-27T16:16:00Z,3766.715
2025-09-27T16:37:00Z,3766.715
2025-09-27T16:49:00Z,3766.715
2025-09-27T17:07:00Z,3766.715
2025-09-27T17:26:00Z,3766.715
2025-09-27T17:39:00Z,3766.715
2025-09-27T17:51:00Z,3766.715
2025-09-27T18:16:00Z,3766.715
2025-09-27T18:40:00Z,3766.715
2025-09-27T18:51:00Z,3766.715
2025-09-27T19:10:00Z,3766.715
2025-09-27T19:23:00Z,3766.715
2025-09-27T19:36:00Z,3766.715
2025-09-27T19:49:00Z,3766.715
2025-09-27T20:08:00Z,3766.715
2025-09-27T20:29:00Z,3766.715
2025-09-27T20:42:00Z,3766.715
2025-09-27T20:53:00Z,3766.715
2025-09-27T21:15:00Z,3766.715
2025-09-27T21:27:00Z,3766.715
2025-09-27T21:40:00Z,3766.715
2025-09-27T21:51:00Z,3766.715
2025-09-27T22:12:00Z,3766.715
2025-09-27T22:30:00Z,3766.715
2025-09-27T22:43:00Z,3766.715
2025-09-27T22:54:00Z,3766.715
2025-09-27T23:18:00Z,3766.715
2025-09-27T23:29:00Z,3766.715
2025-09-27T23:42:00Z,3766.715
2025-09-27T23:53:00Z,3766.715
2025-09-28T01:36:00Z,3766.715
2025-09-28T02:59:00Z,3766.715
2025-09-28T03:41:00Z,3766.715
2025-09-28T03:56:00Z,3766.715
2025-09-28T04:28:00Z,3766.715
2025-09-28T04:43:00Z,3766.715
2025-09-28T04:56:00Z,3766.715
2025-09-28T05:22:00Z,3766.715
2025-09-28T05:37:00Z,3766.715
2025-09-28T05:49:00Z,3766.715
2025-09-28T06:13:00Z,3766.715
2025-09-28T06:41:00Z,3766.715
2025-09-28T06:53:00Z,3766.715
2025-09-28T07:14:00Z,3766.715
2025-09-28T07:27:00Z,3766.715
2025-09-28T07:39:00Z,3766.715
2025-09-28T07:50:00Z,3766.715
2025-09-28T08:14:00Z,3766.715
2025-09-28T08:34:00Z,3766.715
2025-09-28T08:47:00Z,3766.715
2025-09-28T08:59:00Z,3766.715
2025-09-28T09:23:00Z,3766.715
2025-09-28T09:36:00Z,3766.715
2025-09-28T09:48:00Z,3766.715
2025-09-28T09:59:00Z,3766.715
2025-09-28T10:26:00Z,3766.715
2025-09-28T10:40:00Z,3766.715
2025-09-28T10:52:00Z,3766.715
2025-09-28T11:11:00Z,3766.715
2025-09-28T11:25:00Z,3766.715
2025-09-28T11:38:00Z,3766.715
2025-09-28T11:50:00Z,3766.715
2025-09-28T12:19:00Z,3766.715
2025-09-28T12:55:00Z,3766.715
2025-09-28T13:23:00Z,3766.715
2025-09-28T13:37:00Z,3766.715
2025-09-28T13:49:00Z,3766.715
2025-09-28T14:06:00Z,3766.715
2025-09-28T14:26:00Z,3766.715
2025-09-28T14:39:00Z,3766.715
2025-09-28T14:51:00Z,3766.715
2025-09-28T15:10:00Z,3766.715
2025-09-28T15:27:00Z,3766.715
2025-09-28T15:39:00Z,3766.715
2025-09-28T15:52:00Z,3766.715
2025-09-28T16:15:00Z,3766.715
2025-09-28T16:35:00Z,3766.715
2025-09-28T16:47:00Z,3766.715
2025-09-28T16:58:00Z,3766.715
2025-09-28T17:21:00Z,3766.715
2025-09-28T17:33:00Z,3766.715
2025-09-28T17:46:00Z,3766.715
2025-09-28T17:58:00Z,3766.715
2025-09-28T18:32:00Z,3766.715
2025-09-28T18:46:00Z,3766.715
2025-09-28T18:57:00Z,3766.715
2025-09-28T19:17:00Z,3766.715
2025-09-28T19:29:00Z,3766.715
2025-09-28T19:41:00Z,3766.715
2025-09-28T19:52:00Z,3766.715
2025-09-28T20:32:00Z,3766.715
2025-09-28T20:44:00Z,3766.715
2025-09-28T20:55:00Z,3766.715
2025-09-28T21:18:00Z,3766.715
2025-09-28T21:30:00Z,3766.715
2025-09-28T21:43:00Z,3766.715
2025-09-28T21:54:00Z,3766.715
2025-09-28T22:17:00Z,3770.525
2025-09-28T22:33:00Z,3766.995
2025-09-28T22:45:00Z,3768.315
2025-09-28T22:57:00Z,3770.125
2025-09-28T23:21:00Z,3769.225
2025-09-28T23:35:00Z,3768.955
2025-09-28T23:47:00Z,3771.685
2025-09-28T23:59:00Z,3766.645
2025-09-29T02:01:00Z,3779.635
2025-09-29T03:10:00Z,3797.245
2025-09-29T03:45:00Z,3796.825
2025-09-29T03:57:00Z,3794.495
2025-09-29T04:31:00Z,3799.595
2025-09-29T04:47:00Z,3804.965
2025-09-29T04:58:00Z,3806.475
2025-09-29T05:27:00Z,3804.285
2025-09-29T05:43:00Z,3802.795
2025-09-29T05:55:00Z,3810.265
2025-09-29T06:35:00Z,3814.075
2025-09-29T06:55:00Z,3815.255
2025-09-29T07:22:00Z,3816.845
2025-09-29T07:38:00Z,3809.995
2025-09-29T07:49:00Z,3807.015
2025-09-29T08:16:00Z,3815.725
2025-09-29T08:44:00Z,3816.145
2025-09-29T08:58:00Z,3819.345
2025-09-29T09:30:00Z,3814.665
2025-09-29T09:45:00Z,3809.305
2025-09-29T09:58:00Z,3808.275
2025-09-29T10:29:00Z,3815.325
2025-09-29T10:46:00Z,3817.585
2025-09-29T10:58:00Z,3817.865
2025-09-29T11:22:00Z,3821.355
2025-09-29T11:36:00Z,3824.795
2025-09-29T11:49:00Z,3825.705
2025-09-29T12:17:00Z,3822.535
2025-09-29T13:02:00Z,3816.385
2025-09-29T13:36:00Z,3822.465
2025-09-29T13:51:00Z,3820.835
2025-09-29T14:15:00Z,3825.675
2025-09-29T14:39:00Z,3828.065
2025-09-29T14:51:00Z,3825.995
2025-09-29T15:13:00Z,3825.465
2025-09-29T15:33:00Z,3829.565
2025-09-29T15:45:00Z,3831.265
2025-09-29T15:57:00Z,3830.845
2025-09-29T16:26:00Z,3832.295
2025-09-29T16:41:00Z,3829.995
2025-09-29T16:53:00Z,3829.165
2025-09-29T17:17:00Z,3826.455
2025-09-29T17:32:00Z,3826.205
2025-09-29T17:44:00Z,3828.155
2025-09-29T17:56:00Z,3828.875
2025-09-29T18:36:00Z,3824.965
2025-09-29T18:52:00Z,3826.255
2025-09-29T19:13:00Z,3824.515
2025-09-29T19:27:00Z,3825.975
2025-09-29T19:40:00Z,3827.905
2025-09-29T19:52:00Z,3828.075
2025-09-29T20:16:00Z,3830.075
2025-09-29T20:31:00Z,3828.885
2025-09-29T20:43:00Z,3829.705
2025-09-29T20:55:00Z,3832.635
2025-09-29T21:18:00Z,3833.46
2025-09-29T21:31:00Z,3833.46
2025-09-29T21:43:00Z,3833.46
2025-09-29T21:55:00Z,3833.46
2025-09-29T22:18:00Z,3828.915
2025-09-29T22:30:00Z,3828.175
2025-09-29T22:42:00Z,3828.945
2025-09-29T22:54:00Z,3830.055
2025-09-29T23:18:00Z,3829.725
2025-09-29T23:30:00Z,3829.075
2025-09-29T23:42:00Z,3828.805
2025-09-29T23:54:00Z,3832.015
2025-09-30T01:27:00Z,3845.125
2025-09-30T02:46:00Z,3848.075
2025-09-30T03:22:00Z,3856.085
2025-09-30T03:46:00Z,3865.295
2025-09-30T03:57:00Z,3866.575
2025-09-30T04:30:00Z,3865.105
2025-09-30T04:46:00Z,3864.325
2025-09-30T04:58:00Z,3865.715
2025-09-30T05:26:00Z,3868.965
2025-09-30T05:42:00Z,3869.365
2025-09-30T05:54:00Z,3869.115
2025-09-30T06:31:00Z,3867.055
2025-09-30T06:52:00Z,3859.575
2025-09-30T07:17:00Z,3852.925
2025-09-30T07:34:00Z,3851.305
2025-09-30T07:46:00Z,3848.535
2025-09-30T07:58:00Z,3843.445
2025-09-30T08:36:00Z,3816.965
2025-09-30T08:54:00Z,3815.655
2025-09-30T09:21:00Z,3802.285
2025-09-30T09:38:00Z,3802.255
2025-09-30T09:50:00Z,3797.615
2025-09-30T10:13:00Z,3803.895
2025-09-30T10:38:00Z,3809.605
2025-09-30T10:50:00Z,3813.925
2025-09-30T11:10:00Z,3808.565
2025-09-30T11:28:00Z,3809.265
2025-09-30T11:40:00Z,3816.715
2025-09-30T11:53:00Z,3815.445
2025-09-30T12:38:00Z,3816.065
2025-09-30T13:18:00Z,3818.165
2025-09-30T13:43:00Z,3822.575
2025-09-30T13:55:00Z,3825.235
2025-09-30T14:23:00Z,3849.205
2025-09-30T14:41:00Z,3847.555
2025-09-30T14:53:00Z,3851.235
2025-09-30T15:16:00Z,3834.335
2025-09-30T15:33:00Z,3837.195
2025-09-30T15:45:00Z,3837.805
2025-09-30T15:57:00Z,3836.355
2025-09-30T16:32:00Z,3844.295
2025-09-30T16:50:00Z,3847.555
2025-09-30T17:10:00Z,3846.345
2025-09-30T17:30:00Z,3846.015
2025-09-30T17:43:00Z,3847.715
2025-09-30T17:55:00Z,3844.615
2025-09-30T18:29:00Z,3845.355
2025-09-30T18:48:00Z,3847.905
2025-09-30T19:00:00Z,3847.175
2025-09-30T19:21:00Z,3853.145
2025-09-30T19:34:00Z,3853.735
2025-09-30T19:47:00Z,3855.055
2025-09-30T19:58:00Z,3859.705
2025-09-30T20:28:00Z,3854.355
2025-09-30T20:43:00Z,3857.765
2025-09-30T21:19:00Z,3858.72
2025-09-30T21:33:00Z,3858.72
2025-09-30T21:44:00Z,3858.72
2025-09-30T21:56:00Z,3858.72
2025-09-30T22:23:00Z,3859.265
2025-09-30T22:38:00Z,3857.48
2025-09-30T22:50:00Z,3860.505
2025-09-30T23:10:00Z,3862.225
2025-09-30T23:27:00Z,3861.335
2025-09-30T23:40:00Z,3860.855
2025-09-30T23:52:00Z,3862.005
2025-10-01T01:21:00Z,3862.505
2025-10-01T02:53:00Z,3865.535
2025-10-01T03:41:00Z,3860.885
2025-10-01T03:58:00Z,3862.175
2025-10-01T04:31:00Z,3860.445
2025-10-01T04:46:00Z,3859.255
2025-10-01T04:58:00Z,3864.265
2025-10-01T05:27:00Z,3865.915
2025-10-01T05:43:00Z,3864.305
2025-10-01T05:54:00Z,3863.125
2025-10-01T06:32:00Z,3861.065
2025-10-01T06:52:00Z,3861.425
2025-10-01T07:16:00Z,3866.615
2025-10-01T07:33:00Z,3871.585
2025-10-01T07:45:00Z,3870.465
2025-10-01T07:57:00Z,3876.665
2025-10-01T08:34:00Z,3888.145
2025-10-01T08:53:00Z,3891.155
2025-10-01T09:18:00Z,3890.295
2025-10-01T09:37:00Z,3885.005
2025-10-01T09:50:00Z,3889.325
2025-10-01T10:12:00Z,3887.755
2025-10-01T10:36:00Z,3885.865
2025-10-01T10:49:00Z,3888.115
2025-10-01T11:09:00Z,3885.815
2025-10-01T11:26:00Z,3883.725
2025-10-01T11:40:00Z,3880.335
2025-10-01T11:52:00Z,3881.755
2025-10-01T12:35:00Z,3877.485
2025-10-01T13:17:00Z,3867.045
2025-10-01T13:43:00Z,3874.115
2025-10-01T13:55:00Z,3871.625
2025-10-01T14:23:00Z,3870.135
2025-10-01T14:43:00Z,3877.565
2025-10-01T14:55:00Z,3871.955
2025-10-01T15:23:00Z,3862.115
2025-10-01T15:40:00Z,3862.335
2025-10-01T15:52:00Z,3867.445
2025-10-01T16:20:00Z,3868.075
2025-10-01T16:43:00Z,3870.315
2025-10-01T16:55:00Z,3870.015
2025-10-01T17:20:00Z,3870.585
2025-10-01T17:37:00Z,3868.115
2025-10-01T17:49:00Z,3861.665
2025-10-01T18:13:00Z,3860.475
2025-10-01T18:43:00Z,3860.335
2025-10-01T18:56:00Z,3862.445
2025-10-01T19:18:00Z,3865.195
2025-10-01T19:30:00Z,3864.395
2025-10-01T19:41:00Z,3866.745
2025-10-01T19:54:00Z,3867.765
2025-10-01T20:22:00Z,3861.755
2025-10-01T20:38:00Z,3864.625
2025-10-01T20:50:00Z,3863.775
2025-10-01T21:10:00Z,3865.745
2025-10-01T21:28:00Z,3865.745
2025-10-01T21:40:00Z,3865.745
2025-10-01T21:53:00Z,3865.745
2025-10-01T22:15:00Z,3863.015
2025-10-01T22:33:00Z,3860.125
2025-10-01T22:44:00Z,3862.755
2025-10-01T22:57:00Z,3861.825
2025-10-01T23:22:00Z,3865.455
2025-10-01T23:36:00Z,3862.075
2025-10-01T23:48:00Z,3863.035
2025-10-02T00:00:00Z,3863.405
2025-10-02T01:56:00Z,3863.995
2025-10-02T03:01:00Z,3866.005
2025-10-02T03:35:00Z,3864.695
2025-10-02T03:50:00Z,3865.605
2025-10-02T04:12:00Z,3865.595
2025-10-02T04:34:00Z,3864.315
2025-10-02T04:46:00Z,3863.355
2025-10-02T04:58:00Z,3864.175
2025-10-02T05:25:00Z,3868.875
2025-10-02T05:40:00Z,3867.235
2025-10-02T05:52:00Z,3867.525
2025-10-02T06:23:00Z,3873.825
2025-10-02T06:47:00Z,3867.295
2025-10-02T06:58:00Z,3863.155
2025-10-02T07:24:00Z,3870.535
2025-10-02T07:37:00Z,3865.955
2025-10-02T07:49:00Z,3866.935
2025-10-02T08:13:00Z,3867.205
2025-10-02T08:40:00Z,3872.875
2025-10-02T08:54:00Z,3877.115
2025-10-02T09:19:00Z,3877.735
2025-10-02T09:35:00Z,3876.135
2025-10-02T09:47:00Z,3878.465
2025-10-02T09:59:00Z,3879.065
2025-10-02T10:28:00Z,3882.105
2025-10-02T10:43:00Z,3882.205
2025-10-02T10:55:00Z,3881.675
2025-10-02T11:17:00Z,3883.735
2025-10-02T11:29:00Z,3883.725
2025-10-02T11:41:00Z,3885.235
2025-10-02T11:53:00Z,3884.125
2025-10-02T12:35:00Z,3884.965
2025-10-02T13:06:00Z,3889.635
2025-10-02T13:35:00Z,3891.995
2025-10-02T13:47:00Z,3882.555
2025-10-02T13:58:00Z,3877.575
2025-10-02T14:27:00Z,3859.105
2025-10-02T14:44:00Z,3839.035
2025-10-02T14:56:00Z,3829.545
2025-10-02T15:25:00Z,3835.015
2025-10-02T15:41:00Z,3827.315
2025-10-02T15:53:00Z,3829.805
2025-10-02T16:22:00Z,3844.195
2025-10-02T16:43:00Z,3841.515
2025-10-02T16:55:00Z,3842.145
2025-10-02T17:17:00Z,3843.875
2025-10-02T17:32:00Z,3842.945
2025-10-02T17:44:00Z,3842.605
2025-10-02T17:55:00Z,3845.125
2025-10-02T18:33:00Z,3847.695
2025-10-02T18:48:00Z,3848.685
2025-10-02T18:59:00Z,3851.095
2025-10-02T19:19:00Z,3856.535
2025-10-02T19:31:00Z,3856.065
2025-10-02T19:43:00Z,3856.345
2025-10-02T19:55:00Z,3856.025
2025-10-02T20:23:00Z,3856.675
2025-10-02T20:39:00Z,3856.535
2025-10-02T20:51:00Z,3854.545
2025-10-02T21:12:00Z,3856.605
2025-10-02T21:27:00Z,3856.605
2025-10-02T21:39:00Z,3856.605
2025-10-02T21:51:00Z,3856.605
2025-10-02T22:12:00Z,3855.205
2025-10-02T22:31:00Z,3855.665
2025-10-02T22:43:00Z,3857.815
2025-10-02T22:55:00Z,3856.995
2025-10-02T23:18:00Z,3857.885
2025-10-02T23:30:00Z,3858.735
2025-10-02T23:42:00Z,3862.085
2025-10-02T23:54:00Z,3862.375
2025-10-03T01:25:00Z,3852.275
2025-10-03T02:43:00Z,3851.255
2025-10-03T03:19:00Z,3845.925
2025-10-03T03:42:00Z,3839.815
2025-10-03T03:53:00Z,3839.685
2025-10-03T04:21:00Z,3844.635
2025-10-03T04:39:00Z,3845.615
2025-10-03T04:51:00Z,3844.785
2025-10-03T05:13:00Z,3848.775
2025-10-03T05:33:00Z,3857.775
2025-10-03T05:45:00Z,3855.575
2025-10-03T05:57:00Z,3855.605
2025-10-03T06:36:00Z,3859.205
2025-10-03T06:51:00Z,3857.315
2025-10-03T07:14:00Z,3858.715
2025-10-03T07:30:00Z,3862.805
2025-10-03T07:42:00Z,3864.315
2025-10-03T07:54:00Z,3863.645
2025-10-03T08:24:00Z,3862.005
2025-10-03T08:45:00Z,3863.175
2025-10-03T08:56:00Z,3864.865
2025-10-03T09:24:00Z,3858.165
2025-10-03T09:25:00Z,3858.705
2025-10-03T09:39:00Z,3860.215
2025-10-03T09:51:00Z,3860.035
2025-10-03T10:13:00Z,3864.395
2025-10-03T10:35:00Z,3863.225
2025-10-03T10:47:00Z,3864.175
2025-10-03T10:59:00Z,3865.975
2025-10-03T11:21:00Z,3860.705
2025-10-03T11:35:00Z,3857.185
2025-10-03T11:47:00Z,3860.545
2025-10-03T11:58:00Z,3862.305
2025-10-03T12:52:00Z,3870.385
2025-10-03T13:22:00Z,3882.955
2025-10-03T13:41:00Z,3884.715
2025-10-03T13:53:00Z,3883.165
2025-10-03T14:16:00Z,3875.715
2025-10-03T14:37:00Z,3875.895
2025-10-03T14:49:00Z,3878.155
2025-10-03T15:08:00Z,3877.695
2025-10-03T15:29:00Z,3887.565
2025-10-03T15:43:00Z,3886.715
2025-10-03T15:55:00Z,3890.045
2025-10-03T16:27:00Z,3883.115
2025-10-03T16:46:00Z,3881.545
2025-10-03T16:58:00Z,3883.425
2025-10-03T17:22:00Z,3885.445
2025-10-03T17:36:00Z,3885.605
2025-10-03T17:49:00Z,3883.015
2025-10-03T18:12:00Z,3884.275
2025-10-03T18:41:00Z,3888.175
2025-10-03T18:53:00Z,3887.985
2025-10-03T19:14:00Z,3887.495
2025-10-03T19:27:00Z,3886.995
2025-10-03T19:39:00Z,3888.035
2025-10-03T19:51:00Z,3887.345
2025-10-03T20:14:00Z,3885.925
2025-10-03T20:33:00Z,3885.925
2025-10-03T20:45:00Z,3885.925
2025-10-03T20:56:00Z,3885.925
2025-10-03T21:20:00Z,3885.925
2025-10-03T21:33:00Z,3885.925
2025-10-03T21:45:00Z,3885.925
2025-10-03T21:56:00Z,3885.925
2025-10-03T22:22:00Z,3885.925
2025-10-03T22:36:00Z,3885.925
2025-10-03T22:48:00Z,3885.925
2025-10-03T23:00:00Z,3885.925
2025-10-03T23:22:00Z,3885.925
2025-10-03T23:35:00Z,3885.925
2025-10-03T23:47:00Z,3885.925
2025-10-03T23:59:00Z,3885.925
2025-10-04T01:51:00Z,3885.925
2025-10-04T02:44:00Z,3885.925
2025-10-04T03:15:00Z,3885.925
2025-10-04T03:37:00Z,3885.925
2025-10-04T03:49:00Z,3885.925
2025-10-04T04:10:00Z,3885.925
2025-10-04T04:33:00Z,3885.925
2025-10-04T04:45:00Z,3885.925
2025-10-04T04:57:00Z,3885.925
2025-10-04T05:23:00Z,3885.925
2025-10-04T05:38:00Z,3885.925
2025-10-04T05:50:00Z,3885.925
2025-10-04T06:13:00Z,3885.925
2025-10-04T06:40:00Z,3885.925
2025-10-04T06:53:00Z,3885.925
2025-10-04T07:14:00Z,3885.925
2025-10-04T07:27:00Z,3885.925
2025-10-04T07:39:00Z,3885.925
2025-10-04T07:51:00Z,3885.925
2025-10-04T08:15:00Z,3885.925
2025-10-04T08:36:00Z,3885.925
2025-10-04T08:48:00Z,3885.925
2025-10-04T09:01:00Z,3885.925
2025-10-04T09:24:00Z,3885.925
2025-10-04T09:36:00Z,3885.925
2025-10-04T09:48:00Z,3885.925
2025-10-04T10:01:00Z,3885.925
2025-10-04T10:27:00Z,3885.925
2025-10-04T10:41:00Z,3885.925
2025-10-04T10:53:00Z,3885.925
2025-10-04T11:12:00Z,3885.925
2025-10-04T11:25:00Z,3885.925
2025-10-04T11:38:00Z,3885.925
2025-10-04T11:49:00Z,3885.925
2025-10-04T12:17:00Z,3885.925
2025-10-04T12:53:00Z,3885.925
2025-10-04T13:19:00Z,3885.925
2025-10-04T13:33:00Z,3885.925
2025-10-04T13:45:00Z,3885.925
2025-10-04T13:56:00Z,3885.925
2025-10-04T14:20:00Z,3885.925
2025-10-04T14:33:00Z,3885.925
2025-10-04T14:44:00Z,3885.925
2025-10-04T14:56:00Z,3885.925
2025-10-04T15:22:00Z,3885.925
2025-10-04T15:35:00Z,3885.925
2025-10-04T15:47:00Z,3885.925
2025-10-04T15:58:00Z,3885.925
2025-10-04T16:28:00Z,3885.925
2025-10-04T16:43:00Z,3885.925
2025-10-04T16:55:00Z,3885.925
2025-10-04T17:17:00Z,3885.925
2025-10-04T17:30:00Z,3885.925
2025-10-04T17:41:00Z,3885.925
2025-10-04T17:53:00Z,3885.925
2025-10-04T18:22:00Z,3885.925
2025-10-04T18:42:00Z,3885.925
2025-10-04T18:55:00Z,3885.925
2025-10-04T19:15:00Z,3885.925
2025-10-04T19:27:00Z,3885.925
2025-10-04T19:39:00Z,3885.925
2025-10-04T19:51:00Z,3885.925
2025-10-04T20:12:00Z,3885.925
2025-10-04T20:30:00Z,3885.925
2025-10-04T20:42:00Z,3885.925
2025-10-04T20:54:00Z,3885.925
2025-10-04T21:15:00Z,3885.925
2025-10-04T21:28:00Z,3885.925
2025-10-04T21:40:00Z,3885.925
2025-10-04T21:52:00Z,3885.925
2025-10-04T22:13:00Z,3885.925
2025-10-04T22:31:00Z,3885.925
2025-10-04T22:42:00Z,3885.925
2025-10-04T22:54:00Z,3885.925
2025-10-04T23:16:00Z,3885.925
2025-10-04T23:29:00Z,3885.925
2025-10-04T23:41:00Z,3885.925
2025-10-04T23:53:00Z,3885.925
2025-10-05T01:38:00Z,3885.925
2025-10-05T02:58:00Z,3885.925
2025-10-05T03:38:00Z,3885.925
2025-10-05T03:52:00Z,3885.925
2025-10-05T04:17:00Z,3885.925
2025-10-05T04:36:00Z,3885.925
2025-10-05T04:48:00Z,3885.925
2025-10-05T05:00:00Z,3885.925
2025-10-05T05:25:00Z,3885.925
2025-10-05T05:39:00Z,3885.925
2025-10-05T05:51:00Z,3885.925
2025-10-05T06:17:00Z,3885.925
2025-10-05T06:41:00Z,3885.925
2025-10-05T06:53:00Z,3885.925
2025-10-05T07:14:00Z,3885.925
2025-10-05T07:27:00Z,3885.925
2025-10-05T07:39:00Z,3885.925
2025-10-05T07:51:00Z,3885.925
2025-10-05T08:16:00Z,3885.925
2025-10-05T08:36:00Z,3885.925
2025-10-05T08:48:00Z,3885.925
2025-10-05T09:00:00Z,3885.925
2025-10-05T09:23:00Z,3885.925
2025-10-05T09:36:00Z,3885.925
2025-10-05T09:48:00Z,3885.925
2025-10-05T10:00:00Z,3885.925
2025-10-05T10:26:00Z,3885.925
2025-10-05T10:40:00Z,3885.925
2025-10-05T10:52:00Z,3885.925
2025-10-05T11:11:00Z,3885.925
2025-10-05T11:24:00Z,3885.925
2025-10-05T11:37:00Z,3885.925
2025-10-05T11:50:00Z,3885.925
2025-10-05T12:18:00Z,3885.925
2025-10-05T12:54:00Z,3885.925
2025-10-05T13:22:00Z,3885.925
2025-10-05T13:36:00Z,3885.925
2025-10-05T13:47:00Z,3885.925
2025-10-05T13:59:00Z,3885.925
2025-10-05T14:22:00Z,3885.925
2025-10-05T14:36:00Z,3885.925
2025-10-05T14:48:00Z,3885.925
2025-10-05T15:00:00Z,3885.925
2025-10-05T15:23:00Z,3885.925
2025-10-05T15:36:00Z,3885.925
2025-10-05T15:48:00Z,3885.925
2025-10-05T16:00:00Z,3885.925
2025-10-05T16:29:00Z,3885.925
2025-10-05T16:44:00Z,3885.925
2025-10-05T16:55:00Z,3885.925
2025-10-05T17:17:00Z,3885.925
2025-10-05T17:30:00Z,3885.925
2025-10-05T17:42:00Z,3885.925
2025-10-05T17:53:00Z,3885.925
2025-10-05T18:24:00Z,3885.925
2025-10-05T18:43:00Z,3885.925
2025-10-05T18:55:00Z,3885.925
2025-10-05T19:16:00Z,3885.925
2025-10-05T19:28:00Z,3885.925
2025-10-05T19:40:00Z,3885.925
2025-10-05T19:52:00Z,3885.925
2025-10-05T20:14:00Z,3885.925
2025-10-05T20:31:00Z,3885.925
2025-10-05T20:43:00Z,3885.925
2025-10-05T20:55:00Z,3885.925
2025-10-05T21:17:00Z,3885.925
2025-10-05T21:29:00Z,3885.925
2025-10-05T21:41:00Z,3885.925
2025-10-05T21:52:00Z,3885.925
2025-10-05T22:14:00Z,3888.685
2025-10-05T22:31:00Z,3890.375
2025-10-05T22:43:00Z,3894.045
2025-10-05T22:55:00Z,3893.435
2025-10-05T23:17:00Z,3910.515
2025-10-05T23:29:00Z,3910.615
2025-10-05T23:41:00Z,3910.455
2025-10-05T23:53:00Z,3909.055
2025-10-06T01:23:00Z,3903.585
2025-10-06T02:46:00Z,3921.475
2025-10-06T03:26:00Z,3920.875
2025-10-06T03:49:00Z,3930.735
2025-10-06T04:11:00Z,3929.585
2025-10-06T04:35:00Z,3935.895
2025-10-06T04:48:00Z,3939.085
2025-10-06T05:00:00Z,3938.625
2025-10-06T05:27:00Z,3936.185
2025-10-06T05:42:00Z,3929.285
2025-10-06T05:54:00Z,3930.525
2025-10-06T06:31:00Z,3926.765
2025-10-06T06:52:00Z,3932.205
2025-10-06T07:16:00Z,3935.415
2025-10-06T07:32:00Z,3933.505
2025-10-06T07:44:00Z,3934.035
2025-10-06T07:56:00Z,3940.835
2025-10-06T08:32:00Z,3940.295
2025-10-06T08:51:00Z,3941.655
2025-10-06T09:16:00Z,3942.545
2025-10-06T09:37:00Z,3942.335
2025-10-06T09:49:00Z,3941.315
2025-10-06T10:12:00Z,3938.645
2025-10-06T10:37:00Z,3943.205
2025-10-06T10:49:00Z,3943.535
2025-10-06T11:08:00Z,3940.435
2025-10-06T11:26:00Z,3934.185
2025-10-06T11:39:00Z,3935.155
2025-10-06T11:51:00Z,3932.665
2025-10-06T12:30:00Z,3931.415
2025-10-06T13:07:00Z,3931.735
2025-10-06T13:39:00Z,3938.455
2025-10-06T13:52:00Z,3946.035
2025-10-06T14:15:00Z,3948.535
2025-10-06T14:38:00Z,3951.945
2025-10-06T14:51:00Z,3955.005
2025-10-06T15:14:00Z,3954.905
2025-10-06T15:33:00Z,3951.555
2025-10-06T15:46:00Z,3957.265
2025-10-06T15:58:00Z,3962.195
2025-10-06T16:32:00Z,3952.975
2025-10-06T16:50:00Z,3953.055
2025-10-06T17:10:00Z,3958.425
2025-10-06T17:30:00Z,3951.905
2025-10-06T17:42:00Z,3954.915
2025-10-06T17:55:00Z,3956.135
2025-10-06T18:32:00Z,3957.675
2025-10-06T18:50:00Z,3960.485
2025-10-06T19:10:00Z,3963.165
2025-10-06T19:25:00Z,3961.755
2025-10-06T19:39:00Z,3962.665
2025-10-06T19:51:00Z,3963.745
2025-10-06T20:14:00Z,3960.165
2025-10-06T20:34:00Z,3958.745
2025-10-06T20:46:00Z,3958.765
2025-10-06T20:58:00Z,3961.115
2025-10-06T21:22:00Z,3960.055
2025-10-06T21:36:00Z,3960.055
2025-10-06T21:47:00Z,3960.055
2025-10-06T21:59:00Z,3960.055
2025-10-06T22:25:00Z,3973.135
2025-10-06T22:39:00Z,3968.215
2025-10-06T22:52:00Z,3962.105
2025-10-06T23:13:00Z,3963.215
2025-10-06T23:29:00Z,3969.945
2025-10-06T23:41:00Z,3969.425
2025-10-06T23:53:00Z,3969.265
2025-10-07T01:16:00Z,3962.615
2025-10-07T02:37:00Z,3966.195
2025-10-07T03:20:00Z,3968.335
2025-10-07T03:44:00Z,3972.535
2025-10-07T03:56:00Z,3973.835
2025-10-07T04:28:00Z,3974.075
2025-10-07T04:44:00Z,3973.905
2025-10-07T04:56:00Z,3976.265
2025-10-07T05:22:00Z,3964.305
2025-10-07T05:38:00Z,3964.485
2025-10-07T05:50:00Z,3961.925
2025-10-07T06:18:00Z,3961.365
2025-10-07T06:45:00Z,3959.635
2025-10-07T06:57:00Z,3955.645
2025-10-07T07:24:00Z,3946.995
2025-10-07T07:39:00Z,3954.885
2025-10-07T07:51:00Z,3950.475
2025-10-07T08:18:00Z,3948.215
2025-10-07T08:42:00Z,3952.555
2025-10-07T08:56:00Z,3951.545
2025-10-07T09:26:00Z,3962.885
2025-10-07T09:42:00Z,3961.185
2025-10-07T09:54:00Z,3956.505
2025-10-07T10:21:00Z,3958.965
2025-10-07T10:40:00Z,3960.375
2025-10-07T10:52:00Z,3959.945
2025-10-07T11:12:00Z,3960.105
2025-10-07T11:27:00Z,3957.485
2025-10-07T11:40:00Z,3962.495
2025-10-07T11:52:00Z,3964.195
2025-10-07T12:35:00Z,3968.705
2025-10-07T13:16:00Z,3981.895
2025-10-07T13:42:00Z,3973.575
2025-10-07T13:54:00Z,3979.325
2025-10-07T14:22:00Z,3972.835
2025-10-07T14:42:00Z,3983.775
2025-10-07T14:54:00Z,3985.695
2025-10-07T15:23:00Z,3990.715
2025-10-07T15:41:00Z,3975.795
2025-10-07T15:53:00Z,3967.505
2025-10-07T16:24:00Z,3971.395
2025-10-07T16:45:00Z,3976.565
2025-10-07T16:58:00Z,3977.145
2025-10-07T17:24:00Z,3983.945
2025-10-07T17:39:00Z,3984.415
2025-10-07T17:51:00Z,3984.435
2025-10-07T18:21:00Z,3981.865
2025-10-07T18:47:00Z,3982.365
2025-10-07T18:58:00Z,3981.875
2025-10-07T19:20:00Z,3979.615
2025-10-07T19:34:00Z,3981.765
2025-10-07T19:46:00Z,3979.925
2025-10-07T19:58:00Z,3980.895
2025-10-07T20:28:00Z,3982.715
2025-10-07T20:43:00Z,3983.155
2025-10-07T20:54:00Z,3986.335
2025-10-07T21:17:00Z,3984.845
2025-10-07T21:30:00Z,3984.845
2025-10-07T21:42:00Z,3984.845
2025-10-07T21:54:00Z,3984.845
2025-10-07T22:18:00Z,3989.535
2025-10-07T22:34:00Z,3989.065
2025-10-07T22:46:00Z,3989.845
2025-10-07T22:58:00Z,3989.455
2025-10-07T23:22:00Z,3990.995
2025-10-07T23:35:00Z,3989.915
2025-10-07T23:47:00Z,3992.395
2025-10-07T23:59:00Z,3994.905
2025-10-08T01:56:00Z,3999.095
2025-10-08T03:02:00Z,4011.705
2025-10-08T03:36:00Z,4011.515
2025-10-08T03:51:00Z,4016.035
2025-10-08T04:16:00Z,4019.925
2025-10-08T04:38:00Z,4018.685
2025-10-08T04:51:00Z,4024.005
2025-10-08T05:13:00Z,4029.655
2025-10-08T05:33:00Z,4035.055
2025-10-08T05:45:00Z,4030.415
2025-10-08T05:57:00Z,4028.765
2025-10-08T06:38:00Z,4030.185
2025-10-08T06:53:00Z,4032.915
2025-10-08T07:18:00Z,4035.445
2025-10-08T07:32:00Z,4037.145
2025-10-08T07:43:00Z,4036.175
2025-10-08T07:56:00Z,4033.325
2025-10-08T08:32:00Z,4039.125
2025-10-08T08:51:00Z,4039.295
2025-10-08T09:15:00Z,4036.925
2025-10-08T09:35:00Z,4035.605
2025-10-08T09:48:00Z,4044.775
2025-10-08T09:59:00Z,4048.885
2025-10-08T10:29:00Z,4038.895
2025-10-08T10:45:00Z,4037.445
2025-10-08T10:57:00Z,4037.325
2025-10-08T11:21:00Z,4035.165
2025-10-08T11:35:00Z,4032.925
2025-10-08T11:47:00Z,4036.935
2025-10-08T11:59:00Z,4037.815
2025-10-08T12:55:00Z,4036.495
2025-10-08T13:32:00Z,4037.485
2025-10-08T13:48:00Z,4031.975
2025-10-08T14:01:00Z,4039.985
2025-10-08T14:30:00Z,4044.535
2025-10-08T14:47:00Z,4042.975
2025-10-08T14:59:00Z,4048.665
2025-10-08T15:29:00Z,4044.245
2025-10-08T15:44:00Z,4045.715
2025-10-08T15:56:00Z,4046.575
2025-10-08T16:31:00Z,4056.025
2025-10-08T16:49:00Z,4054.625
2025-10-08T17:09:00Z,4057.095
2025-10-08T17:30:00Z,4049.825
2025-10-08T17:43:00Z,4048.265
2025-10-08T18:35:00Z,4047.635
2025-10-08T18:53:00Z,4049.885
2025-10-08T19:13:00Z,4039.705
2025-10-08T19:27:00Z,4048.405
2025-10-08T19:40:00Z,4037.965
2025-10-08T19:52:00Z,4044.025
2025-10-08T20:17:00Z,4043.135
2025-10-08T20:35:00Z,4041.795
2025-10-08T20:48:00Z,4043.355
2025-10-08T21:00:00Z,4041.01
2025-10-08T21:24:00Z,4041.01
2025-10-08T21:37:00Z,4041.01
2025-10-08T21:49:00Z,4041.01
2025-10-08T22:09:00Z,4027.345
2025-10-08T22:31:00Z,4026.285
2025-10-08T22:44:00Z,4022.065
2025-10-08T22:55:00Z,4022.945
2025-10-08T23:20:00Z,4017.905
2025-10-08T23:33:00Z,4016.805
2025-10-08T23:44:00Z,4010.595
2025-10-08T23:57:00Z,4013.025
2025-10-09T01:56:00Z,4018.335
2025-10-09T03:04:00Z,4019.525
2025-10-09T03:39:00Z,4027.995
2025-10-09T03:53:00Z,4026.065
2025-10-09T04:22:00Z,4035.015
2025-10-09T04:41:00Z,4039.495
2025-10-09T04:53:00Z,4039.365
2025-10-09T05:18:00Z,4039.585
2025-10-09T05:37:00Z,4038.505
2025-10-09T05:49:00Z,4037.845
2025-10-09T06:13:00Z,4037.955
2025-10-09T06:45:00Z,4028.615
2025-10-09T06:57:00Z,4026.335
2025-10-09T07:24:00Z,4030.855
2025-10-09T07:39:00Z,4026.915
2025-10-09T07:51:00Z,4029.575
2025-10-09T08:19:00Z,4037.725
2025-10-09T08:43:00Z,4038.065
2025-10-09T08:57:00Z,4039.845
2025-10-09T09:27:00Z,4038.065
2025-10-09T09:43:00Z,4034.925
2025-10-09T09:55:00Z,4037.215
2025-10-09T10:25:00Z,4038.855
2025-10-09T10:44:00Z,4038.665
2025-10-09T10:56:00Z,4041.355
2025-10-09T11:21:00Z,4036.175
2025-10-09T11:35:00Z,4039.935
2025-10-09T11:47:00Z,4045.625
2025-10-09T11:59:00Z,4044.975
2025-10-09T12:55:00Z,4050.905
2025-10-09T13:33:00Z,4054.415
2025-10-09T14:11:00Z,4023.875
2025-10-09T14:18:00Z,4029.125
2025-10-09T14:36:00Z,4008.805
2025-10-09T15:22:00Z,4024.565
2025-10-09T15:26:00Z,4022.085
2025-10-09T15:44:00Z,4009.085
2025-10-09T15:59:00Z,4013.725
2025-10-09T16:36:00Z,3992.855
2025-10-09T16:56:00Z,3967.765
2025-10-09T17:18:00Z,3958.185
2025-10-09T17:36:00Z,3958.345
2025-10-09T17:48:00Z,3953.115
2025-10-09T18:12:00Z,3959.465
2025-10-09T18:43:00Z,3958.845
2025-10-09T18:55:00Z,3957.855
2025-10-09T19:19:00Z,3972.755
2025-10-09T19:31:00Z,3980.305
2025-10-09T19:43:00Z,3978.925
2025-10-09T19:55:00Z,3976.075
2025-10-09T20:25:00Z,3976.365
2025-10-09T20:41:00Z,3976.125
2025-10-09T20:53:00Z,3976.325
2025-10-09T21:17:00Z,3977.06
2025-10-09T21:31:00Z,3977.06
2025-10-09T21:42:00Z,3977.06
2025-10-09T21:54:00Z,3977.06
2025-10-09T22:19:00Z,3972.955
2025-10-09T22:36:00Z,3973.005
2025-10-09T22:48:00Z,3975.415
2025-10-09T22:59:00Z,3974.745
2025-10-09T23:23:00Z,3978.635
2025-10-09T23:36:00Z,3987.615
2025-10-09T23:48:00Z,3987.255
2025-10-10T00:00:00Z,3989.675
2025-10-10T01:58:00Z,3978.975
2025-10-10T03:06:00Z,3973.985
2025-10-10T03:40:00Z,3969.415
2025-10-10T03:54:00Z,3964.835
2025-10-10T04:23:00Z,3956.925
2025-10-10T04:42:00Z,3963.595
2025-10-10T04:53:00Z,3966.145
2025-10-10T05:18:00Z,3975.235
2025-10-10T05:37:00Z,3966.475
2025-10-10T05:49:00Z,3974.745
2025-10-10T06:14:00Z,3971.845
2025-10-10T06:45:00Z,3972.035
2025-10-10T06:57:00Z,3966.885
2025-10-10T07:24:00Z,3963.625
2025-10-10T07:39:00Z,3966.215
2025-10-10T07:51:00Z,3968.825
2025-10-10T08:18:00Z,3987.065
2025-10-10T08:42:00Z,3986.795
2025-10-10T08:55:00Z,3992.085
2025-10-10T09:25:00Z,3995.865
2025-10-10T09:41:00Z,3998.945
2025-10-10T09:53:00Z,4002.205
2025-10-10T10:19:00Z,3993.805
2025-10-10T10:39:00Z,3998.985
2025-10-10T10:51:00Z,3999.015
2025-10-10T11:12:00Z,3998.495
2025-10-10T11:28:00Z,3998.125
2025-10-10T11:41:00Z,3993.245
2025-10-10T11:52:00Z,3991.665
2025-10-10T12:34:00Z,3985.795
2025-10-10T13:07:00Z,3983.775
2025-10-10T13:37:00Z,3995.515
2025-10-10T13:49:00Z,3982.505
2025-10-10T14:10:00Z,3981.115
2025-10-10T14:34:00Z,3982.725
2025-10-10T14:48:00Z,3984.415
2025-10-10T14:59:00Z,3989.315
2025-10-10T15:26:00Z,4018.945
2025-10-10T15:41:00Z,4009.015
2025-10-10T15:54:00Z,4000.085
2025-10-10T16:24:00Z,3985.815
2025-10-10T16:45:00Z,3984.845
2025-10-10T16:57:00Z,3982.205
2025-10-10T17:22:00Z,3984.055
2025-10-10T17:37:00Z,3988.785
2025-10-10T17:49:00Z,3988.025
2025-10-10T18:15:00Z,3996.175
2025-10-10T18:42:00Z,3995.895
2025-10-10T18:55:00Z,4000.375
2025-10-10T19:17:00Z,4003.445
2025-10-10T19:28:00Z,4005.275
2025-10-10T19:40:00Z,4012.765
2025-10-10T19:52:00Z,4014.675
2025-10-10T20:16:00Z,4010.675
2025-10-10T20:34:00Z,4010.675
2025-10-10T20:46:00Z,4010.675
2025-10-10T20:58:00Z,4010.675
2025-10-10T21:22:00Z,4010.675
2025-10-10T21:35:00Z,4010.675
2025-10-10T21:46:00Z,4010.675
2025-10-10T21:58:00Z,4010.675
2025-10-10T22:24:00Z,4010.675
2025-10-10T22:39:00Z,4010.675
2025-10-10T22:50:00Z,4010.675
2025-10-10T23:10:00Z,4010.675
2025-10-10T23:27:00Z,4010.675
2025-10-10T23:40:00Z,4010.675
2025-10-10T23:51:00Z,4010.675
2025-10-11T01:03:00Z,4010.675
2025-10-11T02:23:00Z,4010.675
2025-10-11T03:06:00Z,4010.675
2025-10-11T03:36:00Z,4010.675
2025-10-11T03:48:00Z,4010.675
2025-10-11T04:00:00Z,4010.675
2025-10-11T04:29:00Z,4010.675
2025-10-11T04:44:00Z,4010.675
2025-10-11T04:56:00Z,4010.675
2025-10-11T05:22:00Z,4010.675
2025-10-11T05:37:00Z,4010.675
2025-10-11T05:49:00Z,4010.675
2025-10-11T06:13:00Z,4010.675
2025-10-11T06:40:00Z,4010.675
2025-10-11T06:52:00Z,4010.675
2025-10-11T07:13:00Z,4010.675
2025-10-11T07:27:00Z,4010.675
2025-10-11T07:39:00Z,4010.675
2025-10-11T07:51:00Z,4010.675
2025-10-11T08:16:00Z,4010.675
2025-10-11T08:37:00Z,4010.675
2025-10-11T08:50:00Z,4010.675
2025-10-11T09:09:00Z,4010.675
2025-10-11T09:27:00Z,4010.675
2025-10-11T09:39:00Z,4010.675
2025-10-11T09:51:00Z,4010.675
2025-10-11T10:13:00Z,4010.675
2025-10-11T10:32:00Z,4010.675
2025-10-11T10:44:00Z,4010.675
2025-10-11T10:56:00Z,4010.675
2025-10-11T11:17:00Z,4010.675
2025-10-11T11:29:00Z,4010.675
2025-10-11T11:41:00Z,4010.675
2025-10-11T11:53:00Z,4010.675
2025-10-11T12:32:00Z,4010.675
2025-10-11T13:00:00Z,4010.675
2025-10-11T13:27:00Z,4010.675
2025-10-11T13:39:00Z,4010.675
2025-10-11T13:51:00Z,4010.675
2025-10-11T14:11:00Z,4010.675
2025-10-11T14:28:00Z,4010.675
2025-10-11T14:40:00Z,4010.675
2025-10-11T14:52:00Z,4010.675
2025-10-11T15:12:00Z,4010.675
2025-10-11T15:28:00Z,4010.675
2025-10-11T15:40:00Z,4010.675
2025-10-11T15:52:00Z,4010.675
2025-10-11T16:16:00Z,4010.675
2025-10-11T16:36:00Z,4010.675
2025-10-11T16:47:00Z,4010.675
2025-10-11T16:59:00Z,4010.675
2025-10-11T17:21:00Z,4010.675
2025-10-11T17:33:00Z,4010.675
2025-10-11T17:45:00Z,4010.675
2025-10-11T17:56:00Z,4010.675
2025-10-11T18:30:00Z,4010.675
2025-10-11T18:45:00Z,4010.675
2025-10-11T18:56:00Z,4010.675
2025-10-11T19:17:00Z,4010.675
2025-10-11T19:28:00Z,4010.675
2025-10-11T19:40:00Z,4010.675
2025-10-11T19:52:00Z,4010.675
2025-10-11T20:15:00Z,4010.675
2025-10-11T20:31:00Z,4010.675
2025-10-11T20:43:00Z,4010.675
2025-10-11T20:54:00Z,4010.675
2025-10-11T21:17:00Z,4010.675
2025-10-11T21:28:00Z,4010.675
2025-10-11T21:40:00Z,4010.675
2025-10-11T21:52:00Z,4010.675
2025-10-11T22:13:00Z,4010.675
2025-10-11T22:31:00Z,4010.675
2025-10-11T22:43:00Z,4010.675
2025-10-11T22:55:00Z,4010.675
2025-10-11T23:19:00Z,4010.675
2025-10-11T23:31:00Z,4010.675
2025-10-11T23:42:00Z,4010.675
2025-10-11T23:54:00Z,4010.675
2025-10-12T01:41:00Z,4010.675
2025-10-12T02:53:00Z,4010.675
2025-10-12T03:32:00Z,4010.675
2025-10-12T03:50:00Z,4010.675
2025-10-12T04:14:00Z,4010.675
2025-10-12T04:35:00Z,4010.675
2025-10-12T04:47:00Z,4010.675
2025-10-12T04:59:00Z,4010.675
2025-10-12T05:25:00Z,4010.675
2025-10-12T05:39:00Z,4010.675
2025-10-12T05:51:00Z,4010.675
2025-10-12T06:19:00Z,4010.675
2025-10-12T06:42:00Z,4010.675
2025-10-12T06:53:00Z,4010.675
2025-10-12T07:16:00Z,4010.675
2025-10-12T07:28:00Z,4010.675
2025-10-12T07:40:00Z,4010.675
2025-10-12T07:52:00Z,4010.675
2025-10-12T08:19:00Z,4010.675
2025-10-12T08:39:00Z,4010.675
2025-10-12T08:50:00Z,4010.675
2025-10-12T09:11:00Z,4010.675
2025-10-12T09:28:00Z,4010.675
2025-10-12T09:40:00Z,4010.675
2025-10-12T09:52:00Z,4010.675
2025-10-12T10:15:00Z,4010.675
2025-10-12T10:33:00Z,4010.675
2025-10-12T10:45:00Z,4010.675
2025-10-12T10:56:00Z,4010.675
2025-10-12T11:18:00Z,4010.675
2025-10-12T11:29:00Z,4010.675
2025-10-12T11:41:00Z,4010.675
2025-10-12T11:53:00Z,4010.675
2025-10-12T12:34:00Z,4010.675
2025-10-12T13:01:00Z,4010.675
2025-10-12T13:28:00Z,4010.675
2025-10-12T13:40:00Z,4010.675
2025-10-12T13:52:00Z,4010.675
2025-10-12T14:14:00Z,4010.675
2025-10-12T14:31:00Z,4010.675
2025-10-12T14:43:00Z,4010.675
2025-10-12T14:54:00Z,4010.675
2025-10-12T15:18:00Z,4010.675
2025-10-12T15:30:00Z,4010.675
2025-10-12T15:42:00Z,4010.675
2025-10-12T15:54:00Z,4010.675
2025-10-12T16:22:00Z,4010.675
2025-10-12T16:40:00Z,4010.675
2025-10-12T16:52:00Z,4010.675
2025-10-12T17:13:00Z,4010.675
2025-10-12T17:29:00Z,4010.675
2025-10-12T17:40:00Z,4010.675
2025-10-12T17:52:00Z,4010.675
2025-10-12T18:20:00Z,4010.675
2025-10-12T18:41:00Z,4010.675
2025-10-12T18:53:00Z,4010.675
2025-10-12T19:12:00Z,4010.675
2025-10-12T19:25:00Z,4010.675
2025-10-12T19:38:00Z,4010.675
2025-10-12T19:50:00Z,4010.675
2025-10-12T20:12:00Z,4010.675
2025-10-12T20:30:00Z,4010.675
2025-10-12T20:43:00Z,4010.675
2025-10-12T20:55:00Z,4010.675
2025-10-12T21:17:00Z,4010.675
2025-10-12T21:29:00Z,4010.675
2025-10-12T21:41:00Z,4010.675
2025-10-12T21:53:00Z,4010.675
2025-10-12T22:15:00Z,4020.345
2025-10-12T22:32:00Z,4033.705
2025-10-12T22:44:00Z,4036.995
2025-10-12T22:56:00Z,4037.795
2025-10-12T23:20:00Z,4050.725
2025-10-12T23:33:00Z,4043.175
2025-10-12T23:44:00Z,4039.135
2025-10-12T23:57:00Z,4035.985
2025-10-13T02:04:00Z,4049.875
2025-10-13T03:16:00Z,4049.755
2025-10-13T03:50:00Z,4050.325
2025-10-13T04:15:00Z,4053.185
2025-10-13T04:40:00Z,4058.795
2025-10-13T04:52:00Z,4057.075
2025-10-13T05:17:00Z,4063.515
2025-10-13T05:37:00Z,4074.595
2025-10-13T05:49:00Z,4074.465
2025-10-13T06:17:00Z,4065.365
2025-10-13T06:47:00Z,4068.805
2025-10-13T06:59:00Z,4070.245
2025-10-13T07:27:00Z,4075.755
2025-10-13T07:42:00Z,4071.715
2025-10-13T07:54:00Z,4075.065
2025-10-13T08:29:00Z,4072.485
2025-10-13T08:52:00Z,4078.335
2025-10-13T09:19:00Z,4075.935
2025-10-13T09:40:00Z,4071.955
2025-10-13T09:52:00Z,4077.565
2025-10-13T10:19:00Z,4073.805
2025-10-13T10:41:00Z,4079.145
2025-10-13T10:53:00Z,4083.995
2025-10-13T11:16:00Z,4083.595
2025-10-13T11:29:00Z,4080.975
2025-10-13T11:42:00Z,4077.745
2025-10-13T11:53:00Z,4076.115
2025-10-13T12:40:00Z,4080.205
2025-10-13T13:19:00Z,4087.235
2025-10-13T13:44:00Z,4084.355
2025-10-13T13:56:00Z,4094.595
2025-10-13T14:26:00Z,4095.665
2025-10-13T14:45:00Z,4097.345
2025-10-13T14:56:00Z,4099.265
2025-10-13T15:26:00Z,4098.045
2025-10-13T15:42:00Z,4099.345
2025-10-13T15:54:00Z,4101.925
2025-10-13T16:25:00Z,4113.915
2025-10-13T16:46:00Z,4109.125
2025-10-13T16:58:00Z,4104.265
2025-10-13T17:23:00Z,4111.985
2025-10-13T17:38:00Z,4110.695
2025-10-13T17:50:00Z,4104.625
2025-10-13T18:17:00Z,4105.335
2025-10-13T18:43:00Z,4103.175
2025-10-13T18:55:00Z,4102.425
2025-10-13T19:17:00Z,4101.715
2025-10-13T19:29:00Z,4104.995
2025-10-13T19:41:00Z,4104.305
2025-10-13T19:53:00Z,4107.155
2025-10-13T20:19:00Z,4108.845
2025-10-13T20:37:00Z,4108.905
2025-10-13T20:49:00Z,4111.175
2025-10-13T21:07:00Z,4110.23
2025-10-13T21:25:00Z,4110.23
2025-10-13T21:37:00Z,4110.23
2025-10-13T21:49:00Z,4110.23
2025-10-13T22:09:00Z,4112.595
2025-10-13T22:31:00Z,4108.055
2025-10-13T22:43:00Z,4108.295
2025-10-13T22:54:00Z,4114.375
2025-10-13T23:18:00Z,4114.375
2025-10-13T23:30:00Z,4116.005
2025-10-13T23:42:00Z,4129.975
2025-10-13T23:54:00Z,4126.385
2025-10-14T01:27:00Z,4147.965
2025-10-14T02:48:00Z,4146.335
2025-10-14T03:26:00Z,4157.405
2025-10-14T03:49:00Z,4164.055
2025-10-14T04:10:00Z,4164.725
2025-10-14T04:35:00Z,4162.945
2025-10-14T04:48:00Z,4168.695
2025-10-14T04:59:00Z,4169.125
2025-10-14T05:27:00Z,4175.455
2025-10-14T05:42:00Z,4138.075
2025-10-14T05:54:00Z,4131.865
2025-10-14T06:29:00Z,4113.335
2025-10-14T06:51:00Z,4105.735
2025-10-14T07:13:00Z,4109.895
2025-10-14T07:31:00Z,4122.435
2025-10-14T07:43:00Z,4119.995
2025-10-14T07:55:00Z,4125.595
2025-10-14T08:30:00Z,4144.455
2025-10-14T08:49:00Z,4138.035
2025-10-14T09:11:00Z,4139.725
2025-10-14T09:46:00Z,4132.405
2025-10-14T09:58:00Z,4126.815
2025-10-14T10:29:00Z,4139.615
2025-10-14T10:46:00Z,4135.205
2025-10-14T10:58:00Z,4133.305
2025-10-14T11:22:00Z,4133.915
2025-10-14T11:36:00Z,4129.765
2025-10-14T11:48:00Z,4127.365
2025-10-14T12:00:00Z,4130.925
2025-10-14T12:58:00Z,4106.765
2025-10-14T13:36:00Z,4109.295
2025-10-14T13:51:00Z,4118.145
2025-10-14T14:15:00Z,4135.085
2025-10-14T14:40:00Z,4131.565
2025-10-14T14:53:00Z,4129.235
2025-10-14T15:21:00Z,4137.785
2025-10-14T15:37:00Z,4142.305
2025-10-14T15:49:00Z,4136.995
2025-10-14T16:12:00Z,4132.705
2025-10-14T16:41:00Z,4143.555
2025-10-14T16:54:00Z,4152.555
2025-10-14T17:17:00Z,4142.715
2025-10-14T17:31:00Z,4150.075
2025-10-14T17:43:00Z,4149.815
2025-10-14T17:54:00Z,4146.735
2025-10-14T18:31:00Z,4148.785
2025-10-14T18:50:00Z,4149.455
2025-10-14T19:08:00Z,4148.055
2025-10-14T19:25:00Z,4149.145
2025-10-14T19:38:00Z,4142.625
2025-10-14T19:50:00Z,4139.845
2025-10-14T20:13:00Z,4142.655
2025-10-14T20:33:00Z,4143.465
2025-10-14T20:46:00Z,4143.075
2025-10-14T20:57:00Z,4143.755
2025-10-14T21:22:00Z,4141.98
2025-10-14T21:36:00Z,4141.98
2025-10-14T21:48:00Z,4141.98
2025-10-14T22:00:00Z,4141.98
2025-10-14T22:26:00Z,4151.835
2025-10-14T22:41:00Z,4158.505
2025-10-14T22:53:00Z,4161.015
2025-10-14T23:17:00Z,4160.255
2025-10-14T23:30:00Z,4163.815
2025-10-14T23:42:00Z,4165.665
2025-10-14T23:54:00Z,4165.695
2025-10-15T01:27:00Z,4186.075
2025-10-15T02:52:00Z,4173.675
2025-10-15T03:35:00Z,4184.485
2025-10-15T03:53:00Z,4189.045
2025-10-15T04:22:00Z,4180.715
2025-10-15T04:42:00Z,4177.485
2025-10-15T04:54:00Z,4178.775
2025-10-15T05:19:00Z,4189.825
2025-10-15T05:37:00Z,4189.265
2025-10-15T05:49:00Z,4190.565
2025-10-15T06:15:00Z,4192.555
2025-10-15T06:45:00Z,4194.295
2025-10-15T06:57:00Z,4199.225
2025-10-15T07:26:00Z,4199.855
2025-10-15T07:41:00Z,4206.365
2025-10-15T07:53:00Z,4205.215
2025-10-15T08:27:00Z,4211.195
2025-10-15T08:51:00Z,4216.705
2025-10-15T09:14:00Z,4203.765
2025-10-15T09:36:00Z,4196.225
2025-10-15T09:49:00Z,4192.355
2025-10-15T10:11:00Z,4198.055
2025-10-15T10:39:00Z,4199.525
2025-10-15T10:53:00Z,4198.405
2025-10-15T11:15:00Z,4202.635
2025-10-15T11:29:00Z,4202.185
2025-10-15T11:41:00Z,4202.135
2025-10-15T11:53:00Z,4197.825
2025-10-15T12:41:00Z,4186.605
2025-10-15T13:21:00Z,4193.855
2025-10-15T13:46:00Z,4193.565
2025-10-15T13:58:00Z,4192.665
2025-10-15T14:29:00Z,4206.415
2025-10-15T14:48:00Z,4202.365
2025-10-15T15:00:00Z,4199.435
2025-10-15T15:26:00Z,4202.175
2025-10-15T15:43:00Z,4196.675
2025-10-15T15:55:00Z,4189.245
2025-10-15T16:25:00Z,4199.145
2025-10-15T16:46:00Z,4195.225
2025-10-15T16:58:00Z,4198.405
2025-10-15T17:24:00Z,4187.165
2025-10-15T17:40:00Z,4191.145
2025-10-15T17:51:00Z,4194.405
2025-10-15T18:21:00Z,4197.945
2025-10-15T18:47:00Z,4197.325
2025-10-15T18:59:00Z,4201.055
2025-10-15T19:21:00Z,4211.455
2025-10-15T19:35:00Z,4211.715
2025-10-15T19:47:00Z,4209.805
2025-10-15T19:59:00Z,4210.365
2025-10-15T20:30:00Z,4208.025
2025-10-15T20:46:00Z,4210.155
2025-10-15T20:57:00Z,4208.335
2025-10-15T21:22:00Z,4208.05
2025-10-15T21:36:00Z,4208.05
2025-10-15T21:48:00Z,4208.05
2025-10-15T21:59:00Z,4208.05
2025-10-15T22:25:00Z,4210.215
2025-10-15T22:39:00Z,4215.205
2025-10-15T22:52:00Z,4214.715
2025-10-15T23:13:00Z,4209.095
2025-10-15T23:29:00Z,4212.345
2025-10-15T23:41:00Z,4207.535
2025-10-15T23:53:00Z,4207.835
2025-10-16T01:19:00Z,4221.115
2025-10-16T02:44:00Z,4236.055
2025-10-16T03:28:00Z,4238.025
2025-10-16T03:52:00Z,4234.415
2025-10-16T04:19:00Z,4235.845
2025-10-16T04:39:00Z,4236.935
2025-10-16T04:51:00Z,4229.975
2025-10-16T05:13:00Z,4230.785
2025-10-16T05:34:00Z,4210.875
2025-10-16T05:46:00Z,4209.165
2025-10-16T05:58:00Z,4206.875
2025-10-16T06:38:00Z,4223.075
2025-10-16T06:54:00Z,4219.765
2025-10-16T07:21:00Z,4231.945
2025-10-16T07:37:00Z,4230.555
2025-10-16T07:49:00Z,4230.085
2025-10-16T08:13:00Z,4233.065
2025-10-16T08:43:00Z,4232.535
2025-10-16T08:58:00Z,4232.385
2025-10-16T09:30:00Z,4222.885
2025-10-16T09:46:00Z,4228.215
2025-10-16T09:58:00Z,4238.445
2025-10-16T10:30:00Z,4235.525
2025-10-16T10:47:00Z,4239.665
2025-10-16T10:59:00Z,4244.555
2025-10-16T11:23:00Z,4244.515
2025-10-16T11:37:00Z,4244.265
2025-10-16T11:49:00Z,4243.455
2025-10-16T12:19:00Z,4241.405
2025-10-16T13:04:00Z,4241.445
2025-10-16T13:40:00Z,4251.775
2025-10-16T13:54:00Z,4252.885
2025-10-16T14:20:00Z,4259.185
2025-10-16T14:42:00Z,4262.465
2025-10-16T14:54:00Z,4263.425
2025-10-16T15:22:00Z,4270.745
2025-10-16T15:40:00Z,4269.945
2025-10-16T15:52:00Z,4271.265
2025-10-16T16:21:00Z,4285.585
2025-10-16T16:44:00Z,4268.495
2025-10-16T16:57:00Z,4283.755
2025-10-16T17:24:00Z,4291.525
2025-10-16T17:41:00Z,4292.115
2025-10-16T17:52:00Z,4294.255
2025-10-16T18:23:00Z,4289.955
2025-10-16T18:48:00Z,4291.835
2025-10-16T19:01:00Z,4293.195
2025-10-16T19:21:00Z,4294.465
2025-10-16T19:34:00Z,4293.595
2025-10-16T19:47:00Z,4296.385
2025-10-16T19:58:00Z,4309.905
2025-10-16T20:29:00Z,4316.285
2025-10-16T20:44:00Z,4316.805
2025-10-16T20:56:00Z,4327.315
2025-10-16T21:20:00Z,4328.08
2025-10-16T21:33:00Z,4328.08
2025-10-16T21:45:00Z,4328.08
2025-10-16T21:56:00Z,4328.08
2025-10-16T22:21:00Z,4368.235
2025-10-16T22:36:00Z,4351.905
2025-10-16T22:47:00Z,4362.585
2025-10-16T22:59:00Z,4348.835
2025-10-16T23:21:00Z,4358.335
2025-10-16T23:34:00Z,4360.495
2025-10-16T23:46:00Z,4369.485
2025-10-16T23:58:00Z,4367.535
2025-10-17T01:58:00Z,4308.725
2025-10-17T03:07:00Z,4346.765
2025-10-17T03:42:00Z,4357.205
2025-10-17T03:55:00Z,4364.115
2025-10-17T04:27:00Z,4359.335
2025-10-17T04:44:00Z,4361.155
2025-10-17T04:56:00Z,4372.065
2025-10-17T05:25:00Z,4361.875
2025-10-17T05:41:00Z,4361.745
2025-10-17T05:53:00Z,4368.305
2025-10-17T06:25:00Z,4358.345
2025-10-17T06:49:00Z,4364.745
2025-10-17T07:09:00Z,4356.705
2025-10-17T07:29:00Z,4342.925
2025-10-17T07:42:00Z,4342.275
2025-10-17T07:54:00Z,4331.845
2025-10-17T08:28:00Z,4342.605
2025-10-17T08:49:00Z,4345.495
2025-10-17T09:11:00Z,4343.955
2025-10-17T09:32:00Z,4336.465
2025-10-17T09:45:00Z,4337.385
2025-10-17T09:57:00Z,4339.375
2025-10-17T10:28:00Z,4339.955
2025-10-17T10:44:00Z,4331.415
2025-10-17T10:56:00Z,4329.635
2025-10-17T11:19:00Z,4327.885
2025-10-17T11:31:00Z,4313.965
2025-10-17T11:43:00Z,4310.505
2025-10-17T11:55:00Z,4302.165
